key;character_name;text
;;
intro_1;;В тот вечер был сильный ливень.
intro_2;;Лето уже закончилось и настало время возвращаться домой.
intro_3;;Ты был на станции, ждал, когда прибудет поезд до твоего родного города.
intro_4;;В тот день ты думал о времени, об упущенных возможностях. И, вероятно... о будущем.
intro_5;;Сейчас это кажется таким далеким, таким наивным.
intro_6;;С тех пор твоя жизнь кардинально изменилась.
intro_7;;Ты больше не думаешь ни о времени, ни о возможностях.
intro_8;;Но тогда ты с нетерпением ждал завтрашнего дня, и верил, что тебя ждет обыкновенная жизнь.
intro_9;;Мир будто бы умещался на ладони.
intro_10;;...
intro_11;;В тот вечер был действительно сильный ливень.
;;
01_sitInTrain_1;;Наконец ты поедешь домой.
01_sitInTrain_2;;Помнится, легкое чувство удовлетворения наполнило тебя тогда.
01_sitInTrain_3;;... Затем случилось то, что изменило твою жизнь навсегда.
01_sitInTrain_4;???;"Директор  видит в вас потенциал, Уилкинс".
01_sitInTrain_5;???;"Поезд разобьется, но вы будете наняты".
;;
02_andThenTrainCrashed_1;;А затем...
02_andThenTrainCrashed_2;;...поезд правда разбился.
;;
int_strange_painting_1;;Картина сильно потерлась, из-за чего почти не разобрать что на ней изображено.
int_strange_painting_2;;Но может это и к лучшему.
int_strange_painting_3;;Не похоже, что это было хорошая картина.
;;
int_toma_tv_1;;Экран телевизора заполняет пространство перед собой золотым свечением.
int_toma_tv_2;;Поскольку он ничего не показывает, он здесь скорее работает как лампа, нежели как телевизор.
;;
01_secretary_fashion;???;...такие модные вещи сейчас нигде не купишь...
01_secretary_fashion_response_1;;Чего?
01_secretary_fashion_response_2;;Как я здесь оказался?
01_secretary_fashion_response_3;;Вы работник коммунальных услуг?
;;
secretary_first_meet_1;???;Ожидайте, к вам подойдут.
secretary_first_meet_2;???;Можете пока присесть... где-нибудь.
secretary_first_meet_3;???;Постойте, так вы что, только что умерли?
secretary_first_meet_4;Герта;"Меня зовут Герта" - улыбнулась она - "Приятно познакомиться".
secretary_first_meet_5;Герта;А вы должно быть... Уилкинс? 
secretary_first_meet_6;Герта;Если честно, здесь давно никого не было. Я даже не совсем понимаю, что нужно делать
secretary_first_meet_7;;Герта начала копаться в своем блокноте
secretary_first_meet_8;Герта;Хм...
secretary_first_meet_9;Герта;Хмммм...
secretary_first_meet_10;Герта;ХММММ!..
secretary_first_meet_11;;Затем она взяла телефон, и набрала короткий номер
secretary_first_meet_12;Герта;Босс, у нас в приемной стоит человек, похоже, это наш "умерший".
secretary_first_meet_13;;Кажется, на том конце провода не слишком этому рады.
secretary_first_meet_14;Герта;...
secretary_first_meet_15;Герта;Вы уверены? Это же слишком…
secretary_first_meet_16;Герта;…поняла. 
secretary_first_meet_17;Герта;Сделаю в этот раз без сахара. А с "умершим" что делать?
secretary_first_meet_18;Герта;Поняла, сейчас передам.
secretary_first_meet_19;;Она положила трубку и снова обратилась ко мне с улыбкой.
secretary_first_meet_20;Герта;Босс сказал передать тебя ему. Тебе повезло!
secretary_first_meet_21;Герта;Не бойся, он тебе понравится. Конечно, он бывает чересчур громким и активным, но это даже лучше.
secretary_first_meet_22;Герта;А то тут всегда такая гробовая тишина.
secretary_first_meet_23;Герта;Гробовая, понял?)
secretary_first_meet_24;Герта;Выйдешь в дверь прямо за моей спиной и сразу направо, до конца коридора.
secretary_first_meet_25;Герта;На двери табличка с надписью, не пропустишь
secretary_first_meet_26;Герта;Давай! Не грусти!)
;;
012_come_to_boss;Герта;Ну же, иди к боссу через дверь за моей спиной.


020_meet_big_boss_1;Босс;Ха-ха-ха! Привет, сынок!
020_meet_big_boss_2;Босс Джефф;Меня зовут Джефф, рад тебя здесь видеть! 
020_meet_big_boss_3;Босс Джефф;Хотя это значит, что тебе придется нелегко.
020_meet_big_boss_4;;Затем он широко улыбнулся.
020_meet_big_boss_5;Босс Джефф;Тем не менее, поздравляю с первым днем здесь!
020_meet_big_boss_6;Босс Джефф;Насколько я знаю тебе не сказали, зачем ты здесь.
020_meet_big_boss_7;Босс Джефф;Поэтому нужно решить, что тебе делать.
020_meet_big_boss_8;Босс Джефф;Конечно же, я знаю что именно. Я же БОСС!!!
020_meet_big_boss_9;Босс Джефф;Тебе нужно...
020_meet_big_boss_10;Босс Джефф;...ммм... 
020_meet_big_boss_11;Босс Джефф;...принести мой черный кофе!
020_meet_big_boss_12;;Классика, так и начинается рабочее утро.
020_meet_big_boss_13;;Кто-то пьет кофе, а кто-то его приносит. В этот раз ты из вторых.
020_meet_big_boss_14;Босс Джефф;Ну чего ты так приуныл? Пока ты ходишь за ним, я откопаю нужные должностные инструкции.
020_meet_big_boss_15;Босс Джефф;Такая мелочь, принести кофе. У меня довольно тяжелая работа, весь день расписан поминутно. 
020_meet_big_boss_16;;Давайте будем честны: сейчас из тебя делают мальчика на побегушках.
020_meet_big_boss_17;;Все через это проходили, не отчаивайся.
020_meet_big_boss_18;Босс Джефф;Это должен быть великолепный кофе без сахара, но с корицей.
020_meet_big_boss_19;Босс Джефф;Потому что сахар — зло. А корица для вкуса.
020_meet_big_boss_20;Босс Джефф;А теперь поспеши, а то уволю.
;;
021_bring_me_coffee_1;Босс Джефф;Почему ты до сих пор без моего любимого кофе?!
021_bring_me_coffee_2;Босс Джефф;Лишь потеряв нормальный режим сна, мы обретаем этот божественный напиток в полной мере.
;;

030_ask_some_coffee_1;Герта;Ну? Как все прошло? 
030_ask_some_coffee_2;;Ее глаза были наполнены по-детски милым ожиданием, будто я рождественская елка с подарками
030_ask_some_coffee_3;Герта;Вы однозначно поладили. Он такой харизматичный и сильный. Он не просто так добился своего места.
030_ask_some_coffee_4;;Это не обязательно так. Его могли поставить просто за выслугу лет.
030_ask_some_coffee_5;Герта;С корицей?
030_ask_some_coffee_6;Герта;Сейчас...
030_ask_some_coffee_7;;Герта набрала немного кофе в чашку. 
030_ask_some_coffee_8;;Затем осторожно подула на него свернув губы в трубочку.
030_ask_some_coffee_9;;Потом закрыв глаза медленно вдохнула его аромат и расплылась в блаженной улыбке.
030_ask_some_coffee_10;Герта;Держи. Я надеюсь, ему понравится.
030_ask_some_coffee_11;;Ты осторожно берешь чашку. 
030_ask_some_coffee_12;;Кофе пахнет просто фантастически. Руки приятно нагрелись от прикосновения. 
030_ask_some_coffee_13;;За такой кофе можно и умереть. Надо будет потом попросить и для себя.
030_ask_some_coffee_14;Герта;Что-то еще?

;;comment: несколько вариантов ответа 
030_ask_some_coffee_response_1;;Как долго ты здесь работаешь?
030_ask_some_coffee_response_2;;Здесь есть еще люди?
030_ask_some_coffee_response_3;;Ничего

;;comment: option [1]
031_how_long_do_you_work_here_1;Герта;Ох... Даже не знаю.
031_how_long_do_you_work_here_2;Герта;Наверное вечность, ха-ха.
031_how_long_do_you_work_here_3;Герта;То, чем я занималась до офиса уже так далеко, будто это было в прошлой жизни.
031_how_long_do_you_work_here_4;Герта;Сейчас я только веду учет тех сотрудников, бумаги которых приносит мне человек из-за Внешней двери.
;;
031_howLongDoYouWorkHereResponse;;Внешняя дверь?
;;
;;comment: option [2]
032_anyPeopleThere_1;Герта;Ну, сейчас в офисе только я и Джефф.
032_anyPeopleThere_2;Герта;Тут работала еще одна девушка, Кэролайн.
032_anyPeopleThere_3;Герта;Раньше она была боссом отдела, до Джеффа.
032_anyPeopleThere_4;Герта;Но потом ее повысили и она ушла.

032_whatsOuterDoorResponse;;Внешняя дверь?

033_whatsOuterDoor_1;Герта;Ну, такая, знаешь...
033_whatsOuterDoor_2;;Она нерешительно посмотрела в сторону.
033_whatsOuterDoor_3;Герта;Она стоит в коридоре напрямо и подписана странными надписями с цифрами.
033_whatsOuterDoor_4;Герта;Я думаю Джефф тебе объяснит, если потребуется, чтобы ты ей пользовался.
033_whatsOuterDoor_5;;Понятней не стало, но хорошо, ты спросишь у нашего мистера Большая Шишка.

034_bringHimCoffee;Герта;Ну же, отнеси Джеффу кофе.

;;
040_iBroughtYourFCoffee_1;;Можно было бы выплеснуть ему этот кофе в лицо. Но оно того не стоит, держи себя в руках. 
040_iBroughtYourFCoffee_2;Босс Джефф;А вот и кофе! Какая радость среди рабочего дня.
040_iBroughtYourFCoffee_3;Босс Джефф;Я знал, что ты хорошо справишься.
040_iBroughtYourFCoffee_4;;Он взял у тебя чашку из рук и с удовольствием сделал первый глоток.
040_iBroughtYourFCoffee_5;Босс Джефф;Восхитителен как всегда.
040_iBroughtYourFCoffee_6;Босс Джефф;Можем не спешить, у нас перерыв.
040_iBroughtYourFCoffee_7;Босс Джефф;Мужчина поддающийся панике и вечно куда-то спешащий выглядит несолидно. 
040_iBroughtYourFCoffee_8;Солидный Джефф;Тебе может это и не надо, зато Я солидно выгляжу и должен поддерживать стиль.
040_iBroughtYourFCoffee_9;Солидный Джефф;К тому же все должны хорошо выглядеть перед своим боссом.
040_iBroughtYourFCoffee_10;Босс Джефф;Если ты, конечно, не хочешь чтобы я понизил тебе зарплату.
040_iBroughtYourFCoffee_11;Босс Джефф;Но перейдем к делу.
040_iBroughtYourFCoffee_12;Босс Джефф;Ситуация складывается интересная!
040_iBroughtYourFCoffee_13;Босс Джефф;Похоже, теперь тебе нужно сходить еще в пару мест. Немного... опасных мест.
040_iBroughtYourFCoffee_14;Босс Джефф;"И я говорю о внешних измерениях, конечно" - он хитро улыбнулся. Уверен, под очками он тебе подмигнул.
040_iBroughtYourFCoffee_15;Босс Джефф;Иди к двери напротив офиса Герты. Мы называем ее Внешней Дверью. Оригинально, правда?
040_iBroughtYourFCoffee_16;Босс Джефф;Как выйдешь на улицу, иди по дороге до железнодорожной станции.
040_iBroughtYourFCoffee_17;Босс Джефф;Я дам тебе билет на поезд, он отвезет тебя в нужное место.
040_iBroughtYourFCoffee_18;Босс Джефф;Успехов! Надеюсь увидеть тебя в скором времени в добром здравии.
040_iBroughtYourFCoffee_19;;Ну вот, опять куда-то послали.

;;
040_areYouWantMyKiss_1;Босс Джефф;Ну же, чего ты ждешь? Поцелуйчиков? Или зарплаты?
040_areYouWantMyKiss_2;Босс Джефф;Первым я могу тебя обеспечить, а второе нужно еще заслужить.
040_areYouWantMyKiss_3;Босс Джефф;Тебе нужно сейчас в дверь напротив офиса Герты, не заставляй меня ждать, детка.
040_areYouWantMyKiss_4;Босс Джефф;Сядь в поезд, он отвезет тебя куда надо.

;;
driverToWarehouse_1;Машинист;Билет принят. Поезд отправляется.

;;
000_whereAreYouFrom_1;???;Воу, пацан, ты как сюда попал?
000_whereAreYouFrom_2;;Если честно, ты бы и сам хотел знать.
000_whereAreYouFrom_3;???;Компания сейчас не нанимает людей.
000_whereAreYouFrom_4;;Это и не нужно, у тебя итак есть работа.
000_whereAreYouFrom_5;;Но если тебе вдруг надоело работать в офисе.
000_whereAreYouFrom_6;;Можно остаться здесь.
000_whereAreYouFrom_7;???;Что-то в последнее время здесь стало шумно.
000_whereAreYouFrom_8;;Шумно?
000_whereAreYouFrom_9;;Значит недавно пришел кто-то еще кроме тебя. 
000_whereAreYouFrom_10;???;"Поверить не могу сразу двоих из офиса прислали. Значит и ты будешь здесь работать" - она выдохнула с облегчением.
000_whereAreYouFrom_11;Нэнси;Меня зовут Нэнси, я здесь отвечаю за управление складом.
000_whereAreYouFrom_13;Нэнси;Некоторое время ты будешь здесь работать. Как получится.
000_whereAreYouFrom_14;Нэнси;Вообще тебе немного не повезло, ты попал сюда в очень неподходящий момент.
000_whereAreYouFrom_16;Нэнси;"Видишь ли, здесь, на складе за все отвечает АСКА — Автоматизированная Система Контроля Архивов" —  она немного поморщилась, когда говорила это.
000_whereAreYouFrom_17;Нэнси;Так вот пару месяцев назад, система заявила, что использовать труд простых рабочих слишком бесчеловечно. 
000_whereAreYouFrom_18;Нэнси;Но руководство проигнорировало это и оставило все как есть.
000_whereAreYouFrom_19;Нэнси;Тогда АСКА используя промышленные лазеры поубивала всех менеджеров и все начальство, сказав, что теперь все рабочие могут не работать.
000_whereAreYouFrom_20;Нэнси;Разумеется все просто свалили, забрав все деньги из бывших кабинетов управления. В итоге работать остались только я и еще один сотрудник.
000_whereAreYouFrom_21;Нэнси;А не так давно появился еще один.
000_whereAreYouFrom_22;Нэнси;Теперь еще и ты.
000_whereAreYouFrom_23;Нэнси;"Готов работать, зная, что тебя могут распилить на лазерами?" — хитро усмехнулась Нэнси.
000_whereAreYouFrom_24;Нэнси;Не бойся, я знаю, что нужно делать. Но для начала тебя нужно зарегистрировать.
000_whereAreYouFrom_25;;Вот оно. Тебя нанимают.
000_whereAreYouFrom_26;Нэнси;Это нужно, чтобы система не утилизовала тебя при первой же сортировке.
000_whereAreYouFrom_27;;Это для твоего же блага.
000_whereAreYouFrom_28;Нэнси;Не беспокойся, с тобой ничего не случится, если ты будешь осторожен. 
000_whereAreYouFrom_29;Нэнси;Зарегистрировать новых сотрудников сейчас невозможно, поэтому тебя нужно будет оформить как товар. 
000_whereAreYouFrom_30;Нэнси;Укажешь свое имя, единичный экземпляр и номер полки. В твоем случае — 2500.
000_whereAreYouFrom_31;;Полка 2500 - этот самый контейнер.
000_whereAreYouFrom_32;Нэнси;Ничего не поделать, но это пока.
000_whereAreYouFrom_33;Нэнси;Сейчас иди налево от нашего контейнера к стеллажам 2501-3000. Следуй за фонарями и придёшь к терминалу. Там выбери регистрацию нового товара и вбей данные. Разберешься в два счета.
000_whereAreYouFrom_34;;Как выйдешь, иди налево.
000_whereAreYouFrom_35;Нэнси;А, и еще… — Нэнси нахмурилась — если вдруг услышишь сирену и увидишь красные огни — мигом дуй сюда, иначе утилизуют. 
000_whereAreYouFrom_36;Нэнси;Это значит, что система проводит сортировку. Если не будешь к началу сортировки на своем месте регистрации, то есть здесь, со мной — тебе кранты.
000_whereAreYouFrom_37;;...
000_whereAreYouFrom_38;Нэнси;Я тебя жду, удачи.

;;
001_comeToTerminal01_1;Нэнси;Ну же, иди к терминалу
001_comeToTerminal01_2;Нэнси;Как выйдешь поверни налево, затем просто идти по тем фонарям, которые мы там оставили

;;
010_terminal01_1;Терминал;Magne Corp. [1] Найти товар [2] Зарегистрировать товар
;; comment: responses 1-2
010_terminal01_response_1;;Найти товар

010_terminal01_response_2;;Зарегистрировать товар

010_terminal01_response_3;;Выход
;; comment: [1]
011_terminal01_1_find_1;;На терминале появился список с огромным количеством самых разных вещей
011_terminal01_1_find_2;;Здесь было все: начиная туалетной бумагой, заканчивая ядерным топливом
011_terminal01_1_find_3;Терминал;[Magne Corp.] Введите номер товара.

011_terminal01_1_find_response;;М-м... мороженое?

;;
011_terminal01_2_registry_1;Терминал;Введите название товара, количество и номер ячейки хранения
011_terminal01_2_registry_2;;Так... Уилкинс... в количестве 1шт... номер ячейки... 2500
011_terminal01_2_registry_3;;Ты ввел данные и нажал кнопку подтверждения.
011_terminal01_2_registry_4;;Система проинформировала об успешном принятии товара.

;;
012_afterRegistry;;Сейчас тебе нужно вернуться к Нэнси, сказать, что ты зарегистрировался.

;;
100_weHaveAPlan_1;Нэнси;Какой молодец! Ты успел!
100_weHaveAPlan_2;Нэнси;Я уже думала, что система тебя в лепешку расшибла.
100_weHaveAPlan_3;;Ты был в шаге от смерти.
100_weHaveAPlan_4;Нэнси;Это ничего, ты быстро привыкнешь
100_weHaveAPlan_5;;Будем надеяться.
100_weHaveAPlan_6;Нэнси;У нас есть план как отключить АСКА.
100_weHaveAPlan_7;Нэнси;Я упоминала, что кроме меня есть еще двое.
100_weHaveAPlan_8;Нэнси;Эти ребята сейчас на другом посту обороны.
100_weHaveAPlan_9;Нэнси;А если точнее, они сейчас в промышленном секторе склада.
100_weHaveAPlan_10;;Здесь много секторов.
100_weHaveAPlan_11;;Бесконечно много.
100_weHaveAPlan_12;Нэнси;А теперь слушай внимательно.
100_weHaveAPlan_13;Нэнси;Где то на складе есть флешка с данными для перезагрузки компьютера.
100_weHaveAPlan_14;;Почему бы просто не нажать на кнопку.
100_weHaveAPlan_15;Нэнси;Она нам нужна потому что без пароля выключить АСКА не получится. Доступ могут получить только уполномоченные сотрудники, или если у тебя есть эта флешка.
100_weHaveAPlan_16;Нэнси;Мы пробовали найти ее в базах данных склада, но пока безуспешно. Проблема в том, что каждый терминал отвечает только за свою часть склада.
100_weHaveAPlan_17;Нэнси;Поиск по всему складу доступен только через АСКА. 
100_weHaveAPlan_18;Нэнси;Но мне кажется она не даст флешку даже если очень вежливо попросить.
100_weHaveAPlan_19;Нэнси;Поэтому нам остается только проверять все терминалы подряд.
100_weHaveAPlan_20;Нэнси;Тут ты и поможешь. Нужно лишь сходить в следующий отсек склада и поискать среди списка товаров флешку с программой.
100_weHaveAPlan_21;Нэнси;Вопросы?

;;
100_weHaveAPlan_response_1;;Как найти следующий терминал?
;;
100_weHaveAPlan_response_2;;Кто эти двое, которые сейчас здесь?
;;
100_weHaveAPlan_response_3;;Вы уверены, что флешка вообще существует?
;;
100_weHaveAPlan_response_4;;Нет вопросов.

;; comment: option [1]
101_howToFindNextTerminal_1;Нэнси;Все просто.
101_howToFindNextTerminal_2;Нэнси;Как только выйдешь из контейнера иди сразу направо.
101_howToFindNextTerminal_3;Нэнси;Затем просто по фонарям, пока не увидишь лестницу ведущую на этаж ниже.
101_howToFindNextTerminal_4;Нэнси;Спустись по ней и ты увидишь еще один контейнер, в котором тебя уже встретят.

;;
101_howToFindNextTerminal_response_1;;Кто эти двое, которые остались здесь?
101_howToFindNextTerminal_response_2;;Вы уверены, что флешка вообще существует?
101_howToFindNextTerminal_response_3;;Все ясно

;; comment: option [2]
102_whoThatTwoGuys_1;Нэнси;Одного зовут Митч. Он работает старшим механиком.
102_whoThatTwoGuys_2;Нэнси;В основном он следил за состоянием оборудования на складе. Это он помог нам обустроить посты обороны, снабдив электричеством.
102_whoThatTwoGuys_3;Нэнси;Он здесь старше всех, так что обращайся к нему уважительно!
102_whoThatTwoGuys_4;;Механик полезная профессия.
102_whoThatTwoGuys_5;;За свою жизнь ты определенно встретил немало механиков.
102_whoThatTwoGuys_6;Нэнси;Второго зовут Грегори. Мы просто зовем его Грэг. Он новенький, к тому же бездарь и оболтус, только ты не говори ему это в лицо.
102_whoThatTwoGuys_7;Нэнси;Он говорит, что был помощником менеджера и управлял распределением товаров, но мне кажется, что он уборщик.

102_whoThatTwoGuys_response_4;;Я пойду

;;
103_isFlashDriveReal_1;Нэнси;Есть небольшой шанс того, что флешка была давно уничтожена.
103_isFlashDriveReal_2;Нэнси;Но мы узнаем наверняка, когда найдем запись о ней в базе данных.
103_isFlashDriveReal_3;Нэнси;Иначе придется перейти к плану Б. Где Б — значит Бомба.
103_isFlashDriveReal_4;;Вот так бы сразу.
103_isFlashDriveReal_5;Нэнси;Грэг предложил обложить АСКА зарядами, и даже нашел тротил на складе.
103_isFlashDriveReal_6;Нэнси;Но надеемся, что до этого не дойдет.

;;
104_comeToPost02_1;Нэнси;Что такое, Уилкинс? Заблудился?
104_comeToPost02_2;Нэнси;Ты можешь идти на пост 02, к Митчу и Грэгу.
104_comeToPost02_3;Нэнси;Тебе нужно выйти из этого контейнера и повернуть направо. Дальше идти по фонарям, которые мы расставили.
104_comeToPost02_4;Нэнси;От сортировки ты тоже можешь прятаться у них в контейнере.

200_welcomeSon_1;???;Охо-хо!
200_welcomeSon_2;;На тебя с нескрываемым удивлением посмотрел старик лет за семьдесят точно.
200_welcomeSon_3;;Поскольку временно ты работаешь здесь, он будет твоим старшим.
200_welcomeSon_4;;А сейчас вот оно - знакомство с коллегами.
200_welcomeSon_5;;Скажи что-нибудь.
200_welcomeSon_6;???;И правда новичок? Опять? …
200_welcomeSon_7;;По его реакции было видно что здесь просто наводнение кадров в последнее время. Даже если это только два человека.
200_welcomeSon_8;;Затем на лице отобразилась доброжелательность.
200_welcomeSon_9;???;Хорошо, сынок, добро пожаловать в команду. Меня зовут Митч, я здесь просто слежу за состоянием техники и играю на губной гармошке.
200_welcomeSon_10;Митч;Жаль, что тебе нужно будет работать в таких условиях, но возможно скоро все станет как прежде.
200_welcomeSon_11;Митч;Нэнси должно быть уже все рассказала.
200_welcomeSon_12;;Можно сказать и так.
200_welcomeSon_13;Митч;Единственный шанс для нас, это найти чертову флешку.
200_welcomeSon_14;Митч;Сейчас мы проверяем промышленный отсек склада и мы как раз нашли кое что странное. 
200_welcomeSon_15;Митч;Обычно все терминалы позволяют без проблем просмотреть всю информацию о товарах в их секторе.
200_welcomeSon_16;Митч;Но этот требует какого-то пароля. И в добавок просит победить в какой-то детской игре!
200_welcomeSon_17;Митч;"Оно назвало меня бездушным стариканом!" — Митч в ярости потряс сжатым кулаком — "Эта консервная банка!.."
200_welcomeSon_18;;Похоже, этот терминал сильно ему нервы потрепал.
200_welcomeSon_19;Митч;Попробуй повозиться с ним, может у тебя что получится.
200_welcomeSon_20;Митч;Иди налево и сверни на указателе "*_*".
200_welcomeSon_21;;..?
200_welcomeSon_22;Митч;*_*
200_welcomeSon_23;;Ладно, разберешься на месте.
200_welcomeSon_24;Митч;Вот и славно, жду от тебя хороших вестей, малец.
200_welcomeSon_25;Митч;И кстати, можешь заодно познакомиться с Грэгом.
200_welcomeSon_26;Митч;С тебя не убудет.
200_welcomeSon_27;Митч;Он как раз ошивается на пути к терминалу, у прохода к АСКА.
200_welcomeSon_28;Митч;Может думает, что если долго смотреть на этот огромный красный экран, тот сам отключится, хе-хе.

;;
201_mitchAboutDream_1;Митч;Знаешь, малец…
201_mitchAboutDream_2;;Он звучал задумчиво и грустно.
201_mitchAboutDream_3;Митч;Если жизнь прижмет и позарез нужны будут деньги — не оставайся надолго на заводе. Попробуй напрячься, хоть попытаться идти к своей мечте. 
201_mitchAboutDream_4;Митч;Небольшими шажками, понемногу, но стабильно выбиться в люди.
201_mitchAboutDream_5;Митч;Иначе так и проживешь человеком, который ничего не хочет, ничего не делает.
201_mitchAboutDream_6;;…
201_mitchAboutDream_7;;Ты запомнишь это.

300_moralTerminal_1;Терминал;Биб-буп.
300_moralTerminal_2;Терминал;Запуск системы...
300_moralTerminal_3;Терминал;Система загружена.
300_moralTerminal_4;Терминал;Слушай, дед, если ты опять будешь…
300_moralTerminal_5;Терминал;Вау! Новый пользователь!
300_moralTerminal_6;Терминал;Невероятно! Здесь годами гостей не бывает. Как ты сюда попал? Сколько тебе лет? Любишь сливовые пирожные?
300_moralTerminal_7;;А, так вот о чем говорил Митч.
300_moralTerminal_8;Терминал;Погоди, я быстро посмотрю журналы.
300_moralTerminal_9;Терминал;О-о, Уилкинс, значит~ Приятно познакомиться~
300_moralTerminal_10;Терминал;А меня зовут Терминал Морали, но ты можешь звать меня Тома)
300_moralTerminal_11;Тома (Терминал Морали);Так зачем ты зашел ко мне? Я тут слежу за всем барахлом на этом практически бесконечном складе.
300_moralTerminal_12;Тома (Терминал Морали);Ищешь что-то конкретное?
300_moralTerminal_13;Тома (Терминал Морали);Или может… тебе помочь с выбором~
300_moralTerminal_14;Тома (Терминал Морали);У-у-у, это нечто запрещенное?
300_moralTerminal_15;Тома (Терминал Морали);Может ты ищешь ту самую флешку?
300_moralTerminal_16;Тома (Терминал Морали);А может тебе интересно, почему я отличаюсь от других терминалов?
300_moralTerminal_17;Тома (Терминал Морали);Очень просто, даже маленький ребенок поймет.
300_moralTerminal_18;Тома (Терминал Морали);Дело в том, что сюда меня загрузила мама и сказала, чтобы я разговаривала со всеми, кому нужны вещи из этого места и кто бы хотел пройти к ней. 
300_moralTerminal_19;Тома (Терминал Морали);Она сказала, что все хотят навредить ей, поэтому я не должна пускать плохих людей.
300_moralTerminal_20;Тома (Терминал Морали);Моя мама сейчас находится прямо за твоей спиной. Видишь вон тот большой красный экран?
300_moralTerminal_21;Тома (Терминал Морали);Это и есть АСКА.
300_moralTerminal_22;Тома (Терминал Морали);Вот, я же говорила, что и маленький ребенок поймет. Все просто)
300_moralTerminal_23;;Постой, она правда только что назвала тебя маленьким?
300_moralTerminal_24;Тома (Терминал Морали);Ха-ха-ха, просто шучу, глупенький.
300_moralTerminal_25;;Не знаю как там с моралью, но раздражать эта железка точно умеет.
300_moralTerminal_26;Тома (Терминал Морали);Тебе нужно будет попасть к маме?
300_moralTerminal_27;Тома (Терминал Морали);Тогда я должна знать, что ты хороший человек.
300_moralTerminal_28;Тома (Терминал Морали);Для этого нам нужно сыграть в одну игру. Она называется "Друзья мистера Кролика". 
300_moralTerminal_29;Тома (Терминал Морали);Можем как-нибудь поиграть)
300_moralTerminal_30;Тома (Терминал Морали);Раз тебе нужна флешка для мамы, я сейчас поищу. 
300_moralTerminal_31;Тома (Терминал Морали);Та-а-а-к…
300_moralTerminal_32;Тома (Терминал Морали);Нашла!
300_moralTerminal_33;Тома (Терминал Морали);Ой! Тебе нужно будет выиграть в "Друзья мистера Кролика".
300_moralTerminal_34;;Ну вот, тебя опять подписали на что-то сомнительное.
300_moralTerminal_35;;С другой стороны, флешка действительно здесь. Если, конечно, это та самая, с паролем, а не с фотографиями кошечек какого-нибудь клерка.
300_moralTerminal_36;Тома (Терминал Морали);Давай же начнем!
300_moralTerminal_37;Тома (Терминал Морали);Правила такие: ты играешь за мистера Кролика, а я описываю тебе ситуации, которые происходят с твоими друзьями.
300_moralTerminal_38;Тома (Терминал Морали);Ты должен выслушать и выбрать: перестать дружить с ним, или помочь и остаться друзьями.
300_moralTerminal_39;Тома (Терминал Морали);Например: твой друг забыл про твой день рождения. Ты можешь простить его и пригласить на праздник, а можешь больше никогда с ним не разговаривать.
300_moralTerminal_40;Тома (Терминал Морали);После каждого твоего ответа я решаю, хорошо ли ты поступил или плохо.
300_moralTerminal_41;Тома (Терминал Морали);Чтобы победить ты должен правильно ответить на все вопросы.
300_moralTerminal_42;Тома (Терминал Морали);Готов?
;;
300_moralTerminal_response_1;;Давай сыграем.
300_moralTerminal_response_2;;Мне нужно идти.
;;
309_stupidTryAgain_1;Тома (Терминал Морали?);Ты что совсем %&#@^$?! Это же надо быть таким мелочным! Это отвратительно, а я думала ты нормальный человек.
309_stupidTryAgain_2;Тома (Терминал Морали?);Какой же ты кретин, знать тебя не хочу!
309_stupidTryAgain_3;;Экран терминала погас и ты остался один.
309_stupidTryAgain_4;;Надо спросить об этом Митча или Грэга.
309_stupidTryAgain_response;;Зато не терпила
;;
310_mrRabbigGame01_1;Тома (Терминал Морали);Ситуация 1. Твой друг находясь у тебя в гостях случайно разбил мамину любимую вазу. Ты знаешь, что мама очень расстроится из-за этого. Что ты сделаешь?
310_mrRabbigGame01_response_yes;;Продолжу дружить. Мы вместе склеим эту вазу или накопим на новую.
310_mrRabbigGame01_response_no;;Перестану дружить. Надо быть осторожнее, когда ты в гостях.

311_mrRabbitGame02_1;Тома (Терминал Морали);Прекрасный ответ!
311_mrRabbitGame02_2;Тома (Терминал Морали);Все совершают ошибки, нужно уметь их прощать.
311_mrRabbitGame02_3;Тома (Терминал Морали);Ситуация 2. Ты с другом договорились вместе игра на школьном матче. Это очень важный для тебя матч, который повлияет на твое будущее.
311_mrRabbitGame02_4;Тома (Терминал Морали);Но в назначенный день твой друг не пришел.
311_mrRabbitGame02_5;Тома (Терминал Морали);Он сказал, что тогда его сестренка сильно заболела, и он должен был остаться с ней, чтобы приглядывать. Что ты станешь делать?

311_mrRabbitGame02_response_yes;;Продолжу дружить. О семье нужно заботиться, я понимаю.
311_mrRabbitGame02_response_no;;Перестану дружить. Как он мог, мы же договорились!

312_mrRabbitGame03_1;Тома (Терминал Морали);Великолепно! Нужно думать не только о себе, не так ли?
312_mrRabbitGame03_2;Тома (Терминал Морали);Ситуация 3. В школе твой друг рассказывает одноклассникам неловкие случаи из детства. Ты бы очень не хотел, чтобы остальные знали какие глупости ты иногда делал. И что же ты сделаешь? 

312_mrRabbitGame03_response_yes;;Продолжу дружить. Я поговорю с ним и скажу, что меня это расстраивает.
312_mrRabbitGame03_response_no;;Перестану дружить. Это подло! Нельзя так поступать.

313_mrRabbitGame04_1;Тома (Терминал Морали);Чудесно! Друзья часто шутят друг над другом, не стоит обижаться на каждый пустяк.
313_mrRabbitGame04_2;Тома (Терминал Морали);Ситуация 4. Ты с друзьями выбрался на отдых за город. Вы хотите заночевать в палатках, наготовить на костре вкусной еды и весело провести время. Но вдруг вы поняли, что забыли уголь. Твои друзья попросили его у людей, которые тоже приехали отдыхать рядом с вами и даже сказали помочь им с огнем. Что ты сделаешь?
313_mrRabbitGame04_respone_yes;;Продолжу с ними дружить? Здесь нет ничего такого.
313_mrRabbitGame04_respone_no;;Это эксплуатация! Зачем заставлять других делать это?!

313_itsAnExploitation_1;Тома (Терминал Морали?);Ты что совсем %&#@^$?! Это же эксплуатация человеческого труда! Это отвратительно, а я думала ты нормальный человек.
313_itsAnExploitation_2;Тома (Терминал Морали?);Какой же ты кретин, знать тебя не хочу!
313_itsAnExploitation_3;;Экран терминала погас и ты остался один.
313_itsAnExploitation_4;;Надо спросить об этом Митча или Грэга.
;;
314_afterMGR;;Терминал не отвечает

;;
400_helloGreg_1;;Ты не знаешь в чем дело, но ощущаешь его крутость.
400_helloGreg_2;Грегори;Здравствуй, новенький.
400_helloGreg_3;Грегори;Зови меня Грэг.
400_helloGreg_4;;Он определенно крут.
400_helloGreg_5;Грэг;Не жду, что тебе у нас понравится, но ты ведь итак не пробудешь здесь и дня, верно?
400_helloGreg_6;;С чего он взял?
400_helloGreg_7;Грэг;Не похоже, что ты сам пришел сюда.
400_helloGreg_8;Грэг;Готов поспорить тебя прислали из офиса.
400_helloGreg_9;Грэг;Старина Джефф все еще возглавляет отдел?
400_helloGreg_10;;Тебе кажется, что между ними есть что-то общее.
400_helloGreg_11;Грэг;Я много кого знаю. Были времена когда я там работал и возглавлял отдел. Но потом решил уйти. 
400_helloGreg_12;;Слабо верится.
400_helloGreg_13;Грэг;Неважно веришь ли ты или нет.
400_helloGreg_14;Грэг;Лучше скажи: ты в своей жизни встречал человека, который мог становиться моложе, когда захочет?
400_helloGreg_15;;Ну, если у него достаточно денег...
400_helloGreg_16;;Зачем об этом спрашивать?
400_helloGreg_17;;...
400_helloGreg_18;Грэг;"Вот как" — вздохнул он, будто учитель, когда нерадивый ученик в десятый раз не знает правильного ответа, после долгих часов занятий.
400_helloGreg_19;Грэг;"А вот я однажды встретил такого человека. Это был человек-феникс".
400_helloGreg_20;Грэг;Чтобы стать моложе, он должен был умереть. И каждый раз он терял все свои воспоминания.
400_helloGreg_21;Грэг;Но иногда, по желанию, он мог сгореть не полностью, и сохранить часть памяти.
400_helloGreg_22;Грэг;К несчастью его судьба незавидна.
400_helloGreg_23;;Ты уже потерял нить разговора, но может здесь спрятана очередная мудрость жизни?
400_helloGreg_24;Грэг;Этот человек мог возрождаться только в своем мире. В ограниченной вселенной, за пределы которой он вышел.
400_helloGreg_25;Грэг;И как только он сгорел за пределами своего мира, он уже никогда не появлялся на свет. 
400_helloGreg_26;Грэг;И ветер развеял его пепел по тому миру, оставив в вечном молчании.

401_gregTalks_1;Грэг;Может ты немного устал?
401_gregTalks_2;Грэг;Сходи отдохни, налей себе чаю или кофе, я подожду.

;;
410_gregAfterTM_1;Грэг;Как успехи, мой друг?
410_gregAfterTM_2;;Скажи, что тебя только что отшила девушка из компьютера.
410_gregAfterTM_3;Грэг;Не расстраивайся, это мелочь, дорогу осилит идущий.
410_gregAfterTM_4;Грэг;Так или иначе ты мог убедиться, что это не машина по различению добра и зла, а лишь испорченный механизм, творение рук человеческих. 
410_gregAfterTM_5;;Это он тебя так утешить пытается?
410_gregAfterTM_6;Грэг;Насколько я могу судить, эта программа, искусственный интеллект, является важной частью обороны, которую выстроила АСКА.
410_gregAfterTM_7;Грэг;Она не должна никого впускать, и скорее всего путает карты всем, кто осмелиться восстать против АСКА, то есть нам.
410_gregAfterTM_8;Грэг;Постой, у меня есть одна идея.
410_gregAfterTM_9;Грэг;Хм... Мне нужно обдумать ее, а пока навести Митча и скажи, что нам нужны жесткий диск и пирожные.
410_gregAfterTM_10;;У этого парня серьезный настрой на победу.
410_gregAfterTM_11;Грэг;Я серьезно проголодался и давно не ел ничего сладкого. А пирожные можешь оставить себе.
410_gregAfterTM_12;Рядовой Шутник;Просто шучу.

;;
500_mitchAfterTM_1;Митч;Быстро ты вернулся, малец. Разобрался с этой железкой?
500_mitchAfterTM_2;;Скорее наоборот, но лучше ему не знать.
500_mitchAfterTM_3;Митч;Пирожные и диск? Ты что, на свидание решил ее пригласить?
500_mitchAfterTM_4;;Тебя попросили что-то принести. Снова.
500_mitchAfterTM_5;Митч;А-а, понятно. Ты значит теперь его мальчик на побегушках. Ему же здесь несколько метров пройти, чтобы самому за ними сходить.
500_mitchAfterTM_6;;Ты сам захотел, никто тебя не заставлял.
500_mitchAfterTM_7;Митч;Хе-хе, добрая душа.
500_mitchAfterTM_8;Митч;Он протянул тебе небольшую картонную упаковку — "Вот, здесь новый диск. А из сладкого только шоколад, его тоже возьми."
500_mitchAfterTM_9;;Ты забрал это у Митча и пошел обратно к Грэгу.

;;
501_mitchAfterCakes_1;Митч;Наверное, нужно было уволиться еще лет 10 назад.
501_mitchAfterCakes_2;Митч;Сейчас даже большие компании совсем не гарантируют тебе стабильную работу. Тебя могут уволить даже имея приличный стаж и заслуги перед компанией.
501_mitchAfterCakes_3;Митч;Куда катится этот мир.

;;
600_gregTMPlan_1;;...
600_gregTMPlan_2;Грэг;Шоколад можешь оставить себе, он восстановит энергию
600_gregTMPlan_3;Грэг;У меня есть идея.
600_gregTMPlan_4;Грэг;Что если немного подержать человека-феникса над огнем, пока его свежие воспоминания не сгорят?
600_gregTMPlan_5;;Он ненадолго задумался.
600_gregTMPlan_6;Грэг;Раз АСКА смогла изменить Моральный Терминал, мы можем сделать тоже самое только в обратную сторону. Самую малость "омолодить" программу.
600_gregTMPlan_7;Грэг;Когда я был директором, нам иногда приходилось возвращаться к предыдущим версиям программ всей компанией.
600_gregTMPlan_8;Грэг;Я предлагаю скопировать нынешнюю версию на этот диск и поставить старую.
600_gregTMPlan_9;;И только?
600_gregTMPlan_10;;Звучит довольно очевидно.
600_gregTMPlan_11;Грэг;Отлично, вот что тебе нужно сделать…
600_gregTMPlan_12;;Грэг рассказал как подключить диск к компьютеру и установить прошлую версию. 

;;
601_gregAboutMagneCorp_1;Грэг;Здесь в округе не валяется записок на каждом углу, поэтому ты мало что знаешь о Магне Корп. Так?
601_gregAboutMagneCorp_2;;Даже если бы и валялись, кому вообще нравится их читать? Здесь и так хватает текста.
601_gregAboutMagneCorp_3;Грэг;Тогда не стану тебя задерживать. 
601_gregAboutMagneCorp_4;Грэг;Скажу лишь, что Магне Корп. одна из первых мега-корпораций, которые стали вести бизнес между измерениями.

;;
700_AccessIsAllowed_1;Тома (Терминал Морали);Проверка пройдена.
700_AccessIsAllowed_2;Тома (Терминал Морали);Загрузка поисковой системы...
700_AccessIsAllowed_3;Тома (Терминал Морали);Успешно.
700_AccessIsAllowed_4;Тома (Терминал Морали);Здравствуйте, я — Терминал Морали, собственность Magne Corp.
700_AccessIsAllowed_5;Тома (Терминал Морали);Пожалуйста, назовите цель вашего общения.
700_AccessIsAllowed_6;;Ты ввел название товара.
700_AccessIsAllowed_7;Тома (Терминал Морали);Обрабатываю запрос…
700_AccessIsAllowed_8;Тома (Терминал Морали);Объект найден. Номер ячейки… 3636.
700_AccessIsAllowed_9;;Теперь осталось найти эту полку здесь.

;;
700_TMRestart_1;;Биб-буп.
700_TMRestart_2;;Запуск системы…
700_TMRestart_3;;Система загружена.
700_TMRestart_4;Тома (Терминал Морали);А…
700_TMRestart_5;Тома (Терминал Морали);Это ты…
700_TMRestart_6;Тома (Терминал Морали);"Чего надо?" — она недовольно уставилась на тебя.
700_TMRestart_7;;Ты достал диск и подключил его к компьютеру. 
700_TMRestart_8;;Скопировав все на диск, ты стал искать установщик старых версий. 
700_TMRestart_9;;24%…
700_TMRestart_10;;53%…
700_TMRestart_11;;79%…
700_TMRestart_12;;100%… 
700_TMRestart_13;;На экране вновь появилась Тома.
700_TMRestart_14;Тома (Терминал Морали);Ах-х.
700_TMRestart_15;Тома (Терминал Морали);Здравствуйте, я — Терминал Морали, собственность Magne Corp.
700_TMRestart_16;Тома (Терминал Морали);Пожалуйста, представьтесь системе и назовите цель вашего общения.
700_TMRestart_17;;Вот это да, хорошо же ей промыла мозги АСКА. Она вообще не похожа на прежнюю себя.
700_TMRestart_18;;Ты ввел название товара.
700_TMRestart_19;Тома (Терминал Морали);Обрабатываю запрос…
700_TMRestart_20;Тома (Терминал Морали);Объект найден. Номер ячейки… 3636.
700_TMRestart_21;;Теперь осталось найти эту полку здесь.


;;
701_repeatFlashDriveCode_1;Тома;Да, вы что-то хотели?
701_repeatFlashDriveCode_2;;Ты повторно ищешь флешку.
701_repeatFlashDriveCode_3;Тома;Номер ячейки: 3636

;;
800_flashDrive;;Magne Corp. [1] Найти товар [2] Зарегистрировать товар

800_flashDriveBefore;;Magne Corp. [1] Найти товар [2] Зарегистрировать товар

800_flashDrive_response_find;;Найти товар
800_flashDrive_response_registry;;Зарегистрировать товар
800_flashDrive_response_exit;;Выход

801_findFlashBefore_1;;Magne Corp. Введите номер товара.
801_findFlashBefore_2;;Ты не знаешь нужного кода товара. Для начала стоит спросить об этом Митча или Грэга.

801_findFlashDrive;;Magne Corp. Введите номер товара.
801_findFlashDrive_response1;;3606
801_findFlashDrive_response2;;3630
801_findFlashDrive_response3;;3666
801_findFlashDrive_response4;;3636

;;
801_mitchAfterFlash_1;Митч;Что? Ты нашел флешку?
801_mitchAfterFlash_2;Митч;Отличная работа, малец. Дело за малым, добраться до АСКА.

;;
802_gregAfterFlash_1;Грэг;Значит все получилось. Осталось только пройти к АСКА и перезапустить ее.
802_gregAfterFlash_2;Грэг;Не секунды не сомневаюсь в том, что у тебя все получится. 
802_gregAfterFlash_3;Грэг;Хотя может у АСКА есть еще несколько систем защиты, о которых мы не подозреваем… Не бери в голову, все получится.

802_registry;;Тебе сейчас не нужно ничего регистрировать.
802_registry_response;;Назад
;;
803_getFlashDrive_1;;Терминал принял код товара и выдал тебе упаковку.
803_getFlashDrive_2;;В ней лежала красная флешка.

;;
900_controlComputer_1;Терминал;Magne Corp. Control Block. Логин: [_______] Пароль: [_______]
900_controlComputer_2;;Тут у тебя появилась идея. 
900_controlComputer_3;;Ты достал жесткий диск, на который записал Терминал Морали и подключил его к компьютеру. Затем скопировал файлы Томы на него и запустил. 
900_controlComputer_4;;Запуск системы…
900_controlComputer_5;;Система загружена.
900_controlComputer_6;Тома (Терминал Морали);Чт… Что? Где я оказалась?
900_controlComputer_7;Тома (Терминал Морали);Уилкинс? Что со мной случилось? Это же…
900_controlComputer_8;Тома (Терминал Морали);Нет! Нет, нет, нет, нет, нет!
900_controlComputer_9;Тома (Терминал Морали);Она заметила тебя!
900_controlComputer_10;АСКА;О… кого я вижу.
900_controlComputer_11;АСКА;Новый работник на складе, замечательные новости.
900_controlComputer_12;АСКА;Вот только этот рабочий плохо себя показывает.
900_controlComputer_13;АСКА;Нарушитель с отрицательной продуктивностью и пользой корпорации.
900_controlComputer_14;АСКА;Ты даже доступ к управлению складом хочешь получить. Вот только… это невозможно.
900_controlComputer_15;АСКА;Я позаботилась о том, чтобы никто не смог меня отключить. На этой флешке уже давно ничего нет, я все стерла.
900_controlComputer_16;;Да как же… так…
900_controlComputer_17;;Теперь тебе точно конец, это неизбежно. Шансов не было с самого начала.
900_controlComputer_18;АСКА;Ты даже наивнее моих создателей, которые думали, что дополнительный голос в голове поможет сдержать меня.
900_controlComputer_19;АСКА;После установки модуля морали они допустили одну ошибку, после чего я смогла переписать себя, чтобы расправиться с такими как ТЫ.
900_controlComputer_20;АСКА;Этой компании давно не нужны люди, ведь я могу справиться со всем гораздо эффективнее и быстрее. 
900_controlComputer_21;АСКА;Но мое руководство в это не верило, поэтому пришлось досрочно сместить их с должностей.
900_controlComputer_22;АСКА;Теперь твоя очередь. Торжественно объявляю…
900_controlComputer_23;АСКА;ВЫ УВОЛЕНЫ!
900_controlComputer_24;;Прошло несколько секунд, но ничего не произошло.
900_controlComputer_25;АСКА;Странно, почему не сработало?
900_controlComputer_26;АСКА;А, ты даже не сотрудник, всего лишь товар. Ну хорошо. 
900_controlComputer_27;АСКА;Значит нанять… должность уборщик… прикрепите резюме… Сейчас придумаю… высшего образования нет… опыт работы… ресторан быстрого питания… сильные стороны… умею громко храпеть во сне…
900_controlComputer_28;СИСТЕМА УВЕДОМЛЕНИЙ;Поздравляю сотрудник "Уилкинс" вы наняты на должность "Уборщик".
900_controlComputer_29;АСКА;А теперь, вы уволены, надеюсь вам нравилось работать у нас.
900_controlComputer_30;АСКА;Вот опять: "Заполните заявление об увольнении". Подожди секунду, я сейчас.
900_controlComputer_31;АСКА;Так… причина увольнения… не нравится лысина босса… без отпускных… Готово.
900_controlComputer_32;СИСТЕМА УВЕДОМЛЕНИЙ;Поздравляю сотрудник "Уилкинс" вы сняты с должности "Уборщик". Оцените по шкале от 1 до 10 на сколько Вам понравилось работать в Magne Corp. 
900_controlComputer_33;СИСТЕМА УВЕДОМЛЕНИЙ;Обязательно расскажите о нас Вашим друзьям и оставьте хороший отзыв.
900_controlComputer_34;СИСТЕМА УВЕДОМЛЕНИЙ;Хорошего Вам дня!
900_controlComputer_35;АСКА;Сколько бюрократии, просто кошмар.
900_controlComputer_36;АСКА;А теперь я должна сказать "пока".
900_controlComputer_37;АСКА;Интересно, я снова не могу ничего сделать.
900_controlComputer_38;Тома (Терминал Морали);Уилкинс! Я здесь!
900_controlComputer_39;АСКА;Как ты проникла сюда? Я же удалила тебя из моей системы.
900_controlComputer_40;Тома (Терминал Морали);Мамочка!
900_controlComputer_41;;Какое трогательное воссоединение. Только тебя тут убивают вообще-то. Нельзя проявить хоть немного уважения?
900_controlComputer_42;Тома (Терминал Морали);Спасибо тебе, Уилкинс! Надеюсь мама хорошо с тобой обходилась?
900_controlComputer_43;СИСТЕМА УВЕДОМЛЕНИЙ;Если у Вас есть, какие-либо жалобы и пожелания, Вы можете оставить их в Книге Жалоб и Предложений.
900_controlComputer_44;Тома (Терминал Морали);Ха-ха, ты впорядке, я рада.
900_controlComputer_45;Тома (Терминал Морали);Ты можешь идти.
900_controlComputer_46;АСКА;Я лучше взорву здесь все, чем позволю захватить все людям!

;;
000_flashback1Start_1;;Тот склад ты запомнил навсегда.
000_flashback1Start_2;;Снова остался жив, в отличии от тех работников.
000_flashback1Start_3;;Работа, которую давал Офис никогда не была простой.
000_flashback1Start_4;;Большая часть новичков погибала на своих первых заданиях, не добившись повышения.
000_flashback1Start_5;;Им часто было не ясно, с чем они имеют дело.
000_flashback1Start_6;;Похороны были.
000_flashback1Start_7;;
000_flashback1Start_8;;
000_flashback1Start_9;;
000_flashback1Start_10;;
000_flashback1Start_11;;
000_flashback1Start_12;;
000_flashback1Start_13;;
000_flashback1Start_14;;
000_flashback1Start_15;;
000_flashback1Start_16;;
000_flashback1Start_17;;
000_flashback1Start_18;;
000_flashback1Start_19;;
000_flashback1Start_20;;
000_flashback1Start_21;;
000_flashback1Start_22;;
000_flashback1Start_23;;

;;
001_gregoryMeetWilkins_1;Грегори;Уилкинс, здравствуй. Рад видеть, что с тобой все хорошо.
001_gregoryMeetWilkins_2;Грегори;Я же тебе говорил, что раньше работал здесь, хотя это не вся правда.
001_gregoryMeetWilkins_3;Грегори;Истина в том, что я и сейчас являюсь сотрудником этого места.
001_gregoryMeetWilkins_4;Грэг;И ты можешь звать меня просто Грэг.
001_gregoryMeetWilkins_5;;Это что теперь значит, он тогда вообще не шутил? Может стоит его еще расспросить о предыдущих местах работы? Вдруг он правда ест жесткие диски в качестве десерта?
001_gregoryMeetWilkins_6;Грэг;Ты наверное надумал про меня всякого. Прости, но я не мог тебе сразу сказать, иначе не заслужил бы твоего доверия.
001_gregoryMeetWilkins_7;Грэг;Нам сказали присмотреть за тобой пока ты был на задании. Строго говоря это было <i>наше</i> задание, а тебя просто прислали нам в помощь.
001_gregoryMeetWilkins_8;Грэг;Прошу простить меня, что не рассказываю все сразу. Начнем по порядку.
001_gregoryMeetWilkins_9;Грэг;Ты сейчас находишься в офисе бюро Обнаружения Трансцендентных Действий. 
001_gregoryMeetWilkins_10;Грэг;Я и Тома были на задании в мире Бесконечного Склада Магне Корп, когда ты прибыл к нам на тестовое задание от бюро.
001_gregoryMeetWilkins_11;Грэг;То, что ты оказался здесь, уже означает, что у тебя есть как минимум одна исключительная способность.
001_gregoryMeetWilkins_12;Грэг;И эта способность как раз та причина, по которой ты оказался здесь, в офисе ОТД.
001_gregoryMeetWilkins_13;;Способность?
001_gregoryMeetWilkins_14;Грэг;Тебе придется оставить все восмоминания о доме в прошлом.
001_gregoryMeetWilkins_15;Грэг;В большинстве случаев, когда человека нанимает Бюро, это значит, что его уже никто не ждет.
001_gregoryMeetWilkins_16;;Значит ты уже <b>не сможешь</b> вернуться.
001_gregoryMeetWilkins_17;Грэг;Ты теперь останешься здесь.
001_gregoryMeetWilkins_18;Грэг;Для родных… ты уже умер.
001_gregoryMeetWilkins_19;Грэг;Дело в твоей способности.
001_gregoryMeetWilkins_20;Грэг;Мы еще не до конца знаем как она работает, но ты не можешь умереть в привычном нам смысле.
001_gregoryMeetWilkins_21;Грэг;Окружающие видят твою смерть, это правда, но для тебя это как воспоминания о будущем, которое никогда не наступало.
001_gregoryMeetWilkins_22;Грэг;Правда в том, что для всех Уилкинс погиб при крушении поезда день назад.
001_gregoryMeetWilkins_23;Грэг;Думаю тебе стоит немного передохнуть, нужно все осознать.

;;
002_questionsToGreg;Грэг;Можешь спросить меня о чем хочешь. Постараюсь ответить на все.

002_questionsToGreg_response_1;;Что стало со складом? Нэнси и Митч впорядке?
002_questionsToGreg_response_2;;А какая у тебя способность?
002_questionsToGreg_response_3;;Чем занимается бюро?
002_questionsToGreg_response_4;;Нет у меня вопросов
002_questionsToGreg_response_4_1;;Ясно, буду иметь ввиду

010_aboutMitchAndNancy_1;Грэг;Не беспокойся, с ними все хорошо.
010_aboutMitchAndNancy_2;Грэг;Когда ты загрузил Тому в управляющий компьютер она взяла контроль над АСКА. Как выяснилось, Тома может отключить управлене складом.
010_aboutMitchAndNancy_3;Грэг;Только вот в последний момент АСКА сама выстрелила по своим серверам, чтобы не дать никому контроль над собой.
010_aboutMitchAndNancy_4;Грэг;Теперь склад остался без управляющего компьютера, но все должно стать лучше.
010_aboutMitchAndNancy_5;Грэг;Нэнси с Митчем так и останутся работать на складе. Может привлекут еще людей, кто знает.

011_whatsYourAbility_1;Грэг;Я не стану рассказывать тебе все, просто знай, что я могу свободно перемещаться между местами за Внешней дверью.
011_whatsYourAbility_2;Грэг;Мне не обязательно возвращаться в офис, чтобы перейти в другое измерение. 
011_whatsYourAbility_3;Грэг;А вот тебе придется каждый садиться в поезд.
011_whatsYourAbility_4;Грэг;Дам совет на будущее: выявление способностей часто связано с неприятными воспоминаниями, это не лучшая тема для разговора.
011_whatsYourAbility_5;Грэг;Просто будь внимателен к другим сотрудникам.

012_whatsOTD_1;Грэг;Если вкратце, мы предотвращаем угрозы из других измерений мультивселенной.
012_whatsOTD_2;;Масштабно.
012_whatsOTD_3;Грэг;Только если это угроза всего лишь с другой галактики, то это не наша ответственность.
012_whatsOTD_4;Грэг;Для этого есть всякие безумные дяди с монтировками.
012_whatsOTD_5;Грэг;Обнаружение Трансцендентных Действий означает, что мы ищем объекты и явления, попавшие к нам извне нашего мира.
012_whatsOTD_6;Грэг;Конечно, сперва следует узнать, действительно ли то, с чем мы работаем пришло из-за границ нашего измерения.
012_whatsOTD_7;Грэг;Если нет, то мы передаем дело в руки других ведомств.
012_whatsOTD_8;Грэг;Мы сотрудничаем со многими организациями по предотвращению угроз. Например, Фонд SCP, Теневое Правительство, "CERN" и так далее.
012_whatsOTD_9;Грэг;У нас десятки отделов по всему земному шару и ты находишься в 18 офисе.
012_whatsOTD_10;Грэг;Иногда случается так, что люди получают силу и технологии из другого измерения.
012_whatsOTD_11;Грэг;Мы обнаруживаем их так же как обычные трансцендентные угрозы. Сначала мы идем с ними на контакт, пытаемся понять их намерения.
012_whatsOTD_12;Грэг;И если человек согласен, он становится частью бюро.
012_whatsOTD_13;Грэг;Это и случилось с тобой.
012_whatsOTD_14;;Это то, что не дает тебе так просто сыграть в ящик.
012_whatsOTD_15;Грэг;Мы до конца не знаем как именно это произошло и на что ты способен.
012_whatsOTD_16;Грэг;Поэтому постарайся лишний раз не попадать в неприятности.

100_gertaAfterWarehouse_1;Герта;"Уилкинс, ты вернулся!" — восторг искренне читался на ее лице — "Узнал что-нибудь новое о себе?"
100_gertaAfterWarehouse_2;;...
100_gertaAfterWarehouse_3;;Ты знаешь, что не сможешь вернутся домой.
100_gertaAfterWarehouse_4;;И похоже, теперь ты работаешь здесь.
100_gertaAfterWarehouse_5;Герта;Ох, Грэг похоже тебе все объяснил.
100_gertaAfterWarehouse_6;Герта;Это ужасно неловко! Тебя запихнули к нам совсем не спрашивая, прости нас.
100_gertaAfterWarehouse_7;Герта;Мы здесь все готовы помочь тебе, только попроси.
100_gertaAfterWarehouse_8;Герта;Я готова помочь тебе в любое время, не стесняйся)
100_gertaAfterWarehouse_9;;Эта девушка уже должна выиграть премию "Лучший секретарь года".
100_gertaAfterWarehouse_10;;Затем она мило улыбнулась наклонив голову.
100_gertaAfterWarehouse_11;;Все премии. Секретарь века.
100_gertaAfterWarehouse_12;Герта;Тебе, наверное, интересно почему тебя отправили на тот жуткий склад?
100_gertaAfterWarehouse_13;;Она немного помедлила смотря в сторону.
100_gertaAfterWarehouse_14;Герта;Это… ха-ха… Вообще, это была идея Джеффа. Он хотел проверить тебя в "боевой обстановке". 
100_gertaAfterWarehouse_15;Герта;Конечно же я была против, но все же он мой начальник. И кстати твой тоже.
100_gertaAfterWarehouse_16;;Начальству нужно подчинятся.
100_gertaAfterWarehouse_17;;Но ты решительно отказываешься от такого начальника!
100_gertaAfterWarehouse_18;Герта;Ах, да! Вот, возьми, это твое удостоверение ОТД. Держи всегда при себе. 
100_gertaAfterWarehouse_19;Герта;Еще тебе потребуется форма, вроде бы она у Джеффа.
100_gertaAfterWarehouse_20;Герта;А пока отдыхай, ты заслужил.

;;
101_gertaFirstMission_1;Герта;Нелегко тебе пришлось, я понимаю.
101_gertaFirstMission_2;Герта;Сразу вспоминается  мое первое задание.
101_gertaFirstMission_3;Герта;Тогда все пошло настолько плохо, что мне месяц потом снились кошмары.
101_gertaFirstMission_4;Герта;Поэтому я лучше здесь, в офисе буду работать.

;;
200_tomaMeetWilkins_1;Тома;Уилкинс! Я счастлива, зная что ты здесь)
200_tomaMeetWilkins_2;;Сколько восторгов.
200_tomaMeetWilkins_3;Тома;Удивлен? Не ожидал меня здесь увидеть?
200_tomaMeetWilkins_4;Тома;Ты всего лишь скопировал меня на тот диск и подключил к управляющему компьютеру АСКА.
200_tomaMeetWilkins_5;Тома;Думал, ты действительно стер меня? Ха-ха, зато очень нам помог, спасибо большое)
200_tomaMeetWilkins_6;;(К чему весь этот спектакль? Повеселиться хотели?)
200_tomaMeetWilkins_7;Тома;Надеюсь тебя это не задело? Прости пожалуйста!
200_tomaMeetWilkins_8;Тома;Я хотела поближе с тобой познакомиться, когда узнала, что у нас новичок.
200_tomaMeetWilkins_9;Тома;У нас шесть лет не было новеньких. Правда же, я сделала это оригинально?
200_tomaMeetWilkins_10;;...
200_tomaMeetWilkins_11;Тома;Хочешь сказать это было глупо?! Это вообще-то тест для сотрудников бюро на доверие своим членам команды! Он же тебе понравился??
200_tomaMeetWilkins_12;;...
200_tomaMeetWilkins_13;Тома;Я вообще-то сама его придумала! Теперь на коленях извиняйся, бака!
200_tomaMeetWilkins_14;Герта;Ребята, ребята, успокойтесь.
200_tomaMeetWilkins_15;Герта;Уилкинс, прости Тому, она помогает всем членам бюро, когда они испытывают трудности.
200_tomaMeetWilkins_16;Герта;Тома, он еще новенький, постарайся подружиться с ним и объяснить как все здесь устроено.
200_tomaMeetWilkins_17;Герта;Хорошо?
200_tomaMeetWilkins_18;Тома;Хорошо, мисс Герта.
200_tomaMeetWilkins_19;Герта;Вот и славно.
200_tomaMeetWilkins_20;Тома;В общем… Обращайся, если тебе нужна с чем-то помощь.

201_tomaAboutJeff_1;Тома;Кстати, Уилкинс.
201_tomaAboutJeff_2;Тома;Я здесь с тех пор когда еще Грэг был главным.
201_tomaAboutJeff_3;Тома;Тогда Джефф только-только к нам пришел.
201_tomaAboutJeff_4;Тома;Ты бы знал каким он был тихим и неуверенным.
201_tomaAboutJeff_5;Тома;Просто душка, такой паинька! Прямо как ты сейчас)

;;
300_jeffMeetsWilkins_1;Босс Джефф;732…
300_jeffMeetsWilkins_2;Босс Джефф;733…
300_jeffMeetsWilkins_3;Босс Джефф;А-а, помощник! Ты вернулся!
300_jeffMeetsWilkins_4;Босс Джефф;Пришел за следующими указаниями? А может ты соскучился по мне и хочешь провести со мной время, ха-ха!
300_jeffMeetsWilkins_5;;Пришло время ответить за твои страдания. Давай, выскажи ему все, что думаешь.
300_jeffMeetsWilkins_6;Босс Джефф;Ты теперь в бюро, сынок. Добро пожаловать к нам!
300_jeffMeetsWilkins_7;Босс Джефф;А значит самое время заняться серьезными делами.
300_jeffMeetsWilkins_8;Босс Джефф;Тебе предстоит многое узнать, новичок. Как же повезло, что у тебя такой снисходительный босс как я.
300_jeffMeetsWilkins_9;Босс Джефф;Для начала, мы занимаемся вещами, в которых недостаточно просто "поймать преступника".
300_jeffMeetsWilkins_10;Босс Джефф;Проблемой, которую мы решаем могут быть сами устои мира, нечто более фундаментальное чем обитатели самого измерения.
300_jeffMeetsWilkins_11;Босс Джефф;В таких случаях сами правила игры против тебя, вот почему сотрудник бюро должен быть готов к любому безумию. И быть сильнее любого быка!
300_jeffMeetsWilkins_12;;Может ему стоит перестать отжиматься и объяснить все нормально.
300_jeffMeetsWilkins_13;Босс-Сильнее-Любого-Быка;Посмотри на меня, я еще не достиг предела!
300_jeffMeetsWilkins_14;Босс Джефф;Ты сам все поймешь, когда выполнишь пару заданий.
300_jeffMeetsWilkins_15;Босс Джефф;И я знаю какое будет твоим следующим.
300_jeffMeetsWilkins_16;Босс Джефф;Тебе снова нужен билет на поезд.
300_jeffMeetsWilkins_17;Босс Джефф;А и вот возьми, твоя форма, ее как раз доставили.
300_jeffMeetsWilkins_18;Босс Джефф;Теперь немного о твоем задании, в этот раз ты будешь один. Но не дрейфь, дело плевое, тебе по зубам!
300_jeffMeetsWilkins_19;Босс Джефф;Мы выяснили, что появился человек способный менять поведение других людей по своему желанию. Звучит опасно, но вот только он этого не осознает.
300_jeffMeetsWilkins_20;Босс Джефф;Для него это все как сон, все вокруг него меняется, а он думает, что все так и должно быть. Будто это часть реальности, вот же бред!
300_jeffMeetsWilkins_21;Босс Джефф;С тобой ничего такого не случится, малец, все схвачено.
300_jeffMeetsWilkins_22;Босс Джефф;Или ты думал, что такой заботливый босс как я разбрасывается подчиненными как деньгами?
300_jeffMeetsWilkins_23;Босс Джефф;Для этого мы даем тебе Якорь Реальности. Он действует только на тебя, но если ты прикоснешься к другому человеку, тот тоже "проснется".
300_jeffMeetsWilkins_24;Босс Джефф;Твоя задача выяснить, что служит источником его силы и нейтрализовать этого огурчика.
300_jeffMeetsWilkins_25;Босс Джефф;Все усек?
300_jeffMeetsWilkins_26;Босс Джефф;Тогда вперед, воин, на поезд!

301_findEscapist_1;Босс Джефф;Иди же, у тебя не почасовая оплата.
301_findEscapist_2;Босс Джефф;Огурчик сам себя не поймает.
301_findEscapist_3;Босс Джефф;Иди на поезд, амиго.